tanggal,beras kualitas super I,daging ayam,telur ayam,bawang merah,bawang putih,cabai merah besar,cabai merah keriting,cabai rawit merah,cabai rawit hijau,minyak goreng merk 1
01/08/2017,11600,26450,19600,25900,25800,20650,20050,35500,20850,12850
02/08/2017,11450,25500,19850,24950,24950,19600,20050,33200,22600,13700
03/08/2017,11500,26650,21100,25150,25250,23300,22900,38850,26950,13750
04/08/2017,11500,26650,21100,25150,25250,23300,22900,38850,26950,13750
07/08/2017,11500,26700,21050,25150,25250,23300,22900,38850,26950,13750
08/08/2017,11500,26650,21050,25050,25100,22950,23050,38400,26450,13750
09/08/2017,11500,26650,21000,25000,25100,23250,23300,38300,26350,13750
10/08/2017,11550,26900,20700,24100,24400,23600,23450,33950,24800,13700
11/08/2017,11550,26900,20700,24100,24400,23600,23450,33950,24800,13700
14/08/2017,11550,26900,20700,23800,24100,23550,23350,33950,24800,13700
15/08/2017,11550,27050,20600,23650,24000,23650,23550,33300,24550,13700
16/08/2017,11550,26650,20350,23200,23400,23150,23550,31100,24050,13700
18/08/2017,11500,26650,20250,22950,23000,22350,23100,31000,24300,13650
21/08/2017,11500,26650,20250,22950,23000,22350,23100,31000,24300,13650
22/08/2017,11500,26400,20150,22700,22850,22200,23000,30100,24300,13650
23/08/2017,11500,26200,20100,22550,22750,22400,22600,29550,24100,13700
24/08/2017,11550,25250,20000,21600,22000,22350,22250,27650,23550,13750
25/08/2017,11450,25200,20050,21750,22200,22100,22000,27550,23500,13750
28/08/2017,11450,25150,20050,21500,22150,22100,22100,27250,23350,13750
29/08/2017,11450,25250,20050,21550,22100,22050,22050,27200,23550,13750
30/08/2017,11450,25350,20050,21500,22150,22700,22550,27250,23550,13750
31/08/2017,11550,24950,20150,21450,21950,23700,23200,27750,23900,13750
04/09/2017,11550,24950,20150,21450,21950,23700,23200,27750,23900,13750
05/09/2017,11550,25250,20200,21350,22000,23750,23050,27750,23800,13750
06/09/2017,11550,25350,20150,20600,21300,23450,22950,27800,24750,13750
07/09/2017,11550,24850,20900,20000,20750,24350,23800,27250,24900,13800
08/09/2017,11550,25000,20900,20000,20750,24350,23800,27250,24900,13800
11/09/2017,11550,25000,20900,20050,21050,24350,23900,27250,25000,13800
12/09/2017,11600,24800,20900,20300,21400,25050,24300,27650,25900,13850
13/09/2017,11600,24650,20850,20100,21200,24850,24050,27350,25350,13800
14/09/2017,11600,24400,20400,19950,20700,23950,23150,26950,23850,13700
15/09/2017,11600,24400,20400,19950,20700,23950,23150,26950,23850,13700
18/09/2017,11600,24400,20400,19950,20650,23950,23150,26950,23850,13700
19/09/2017,11550,24300,20450,19600,20150,23250,22700,25950,23800,13650
20/09/2017,11600,24400,20400,19350,19850,23100,22950,24950,24450,13700
22/09/2017,11650,24400,20450,19250,19750,23400,23250,24600,24800,13750
25/09/2017,11650,24350,20450,19250,19700,23250,23400,24750,25000,13750
26/09/2017,11650,24350,20450,19250,19700,23350,23300,24650,25000,13700
27/09/2017,11600,24300,20400,19200,19700,23300,23050,24200,24500,13600
28/09/2017,11600,24050,20300,18500,19250,21500,22150,23400,24550,13600
29/09/2017,11600,24050,20300,18500,19250,21500,22150,23400,24550,13600
02/10/2017,11600,24100,20300,18500,19250,21500,22150,23350,24500,13600
03/10/2017,11550,24050,20300,18500,19250,21550,22250,23350,24500,13600
04/10/2017,11600,23900,20200,18200,19000,22250,22900,22750,24450,13650
05/10/2017,11600,23550,19950,17600,18400,22700,25250,24400,23650,13600
06/10/2017,11600,23550,19950,17600,18400,22700,25250,24400,23650,13600
09/10/2017,11650,23500,19900,17500,18350,22800,25600,24500,23700,13600
10/10/2017,11600,23600,19900,17500,18300,22900,25800,24750,23700,13600
11/10/2017,11600,23700,19950,17700,18650,23500,25950,25400,23450,13550
12/10/2017,11550,23250,19800,17450,18500,24150,27450,24300,22950,13550
13/10/2017,11550,23250,19800,17450,18500,24150,27450,24300,23050,13550
16/10/2017,11550,23250,19800,17300,18350,23900,27450,24200,23150,13550
17/10/2017,11550,23150,19800,17250,18250,23800,27250,24250,23150,13550
18/10/2017,11600,23100,19900,17300,18200,23500,26950,23900,23050,13550
19/10/2017,11600,23300,19850,17400,18100,22700,25400,24250,22800,13500
20/10/2017,11600,23300,19850,17400,18100,22700,25400,24250,22800,13500
23/10/2017,11600,23250,19850,17400,18100,22700,25400,24250,22800,13500
24/10/2017,11600,23300,19900,17300,18050,22550,25250,24200,22850,13500
25/10/2017,11600,23300,19900,17350,18000,23000,24900,24450,23300,13500
26/10/2017,11650,23300,19750,17500,17600,23250,24700,24250,23050,13550
27/10/2017,11650,23300,19750,17500,17600,23250,24700,24250,23050,13550
30/10/2017,11650,23300,19750,17450,17600,23200,24650,24300,23050,13550
31/10/2017,11650,23300,19700,17200,17100,22700,24450,23750,22600,13500
01/11/2017,11650,23250,19700,17250,16950,22500,24200,23850,22700,13500
02/11/2017,11650,23350,19700,17950,16900,22450,23200,23800,22400,13550
03/11/2017,11650,23350,19700,17950,16900,22450,23200,23800,22400,13550
06/11/2017,11650,23350,19700,17950,16850,22300,23200,24000,22450,13550
07/11/2017,11650,23300,19650,18050,16850,22400,23300,24100,22400,13550
08/11/2017,11700,23400,19650,18450,17350,22650,23950,24200,22300,13550
09/11/2017,11700,23400,19500,19000,17350,23850,24800,26200,22550,13450
10/11/2017,11700,23400,19500,19000,17350,23850,24800,26200,22550,13450
13/11/2017,11700,23400,19500,19000,17350,23850,24850,26200,22550,13450
14/11/2017,11700,23350,19550,19050,17450,24000,24900,26200,22500,13450
15/11/2017,11700,23350,19600,19250,17750,24450,25450,27000,22150,13500
16/11/2017,11750,23600,19850,19650,18450,25850,26850,27800,22750,13500
17/11/2017,11750,23600,19850,19650,18450,25850,26850,27800,22750,13500
20/11/2017,11750,23600,19850,19650,18450,25850,26850,27700,22750,13500
21/11/2017,11750,23500,19850,19700,18600,25850,26900,27500,22950,13500
22/11/2017,11750,23550,19950,19750,18700,25950,27350,27350,23200,13450
23/11/2017,11800,23600,20500,19900,18850,27450,28900,25850,22050,13500
24/11/2017,11800,23600,20500,19900,18850,27450,28900,25850,22050,13500
27/11/2017,11800,23600,20500,20050,18850,27450,29000,25850,22100,13500
28/11/2017,11800,23600,20500,19950,18700,27350,28850,25750,21950,13500
29/11/2017,11800,23650,20800,19900,18800,27650,28800,25650,22200,13500
30/11/2017,11800,23800,21400,19950,18750,27750,29400,26300,22550,13500
01/12/2017,11800,23800,21400,19950,18750,27750,29400,26300,22550,13500
04/12/2017,11800,23750,21400,20300,18750,27600,29650,26250,22700,13500
05/12/2017,11800,23800,21450,20200,18600,27650,29700,26350,22750,13500
06/12/2017,11800,23800,21500,20050,18300,28100,30200,26250,23500,13500
07/12/2017,11800,24100,21650,20200,17900,28300,30500,25450,23900,13500
08/12/2017,11800,24100,21650,20200,17900,28300,30500,25450,23900,13500
11/12/2017,11800,24200,21650,20100,17900,28500,30500,25250,23750,13500
12/12/2017,11800,24450,21750,20200,18050,28300,30250,25550,23800,13500
13/12/2017,11850,24850,22000,20150,17950,27850,29450,25250,24000,13500
14/12/2017,11900,25200,22750,19700,17800,27500,27200,25750,24900,13500
15/12/2017,11900,25200,22750,19700,17800,27500,27200,25750,24900,13500
18/12/2017,11900,25250,22800,19550,17750,27500,27000,25750,25100,13500
19/12/2017,11900,25200,22850,19550,17700,27650,27000,26450,25350,13500
20/12/2017,11900,25350,22900,19400,17200,28000,27150,27200,25400,13450
21/12/2017,11900,26150,23550,19650,17300,28750,28200,31850,27300,13450
22/12/2017,11900,26150,23550,19650,17300,28750,28200,31850,27300,13450
27/12/2017,11950,26500,23700,20100,17200,28350,28500,34350,27650,13450
28/12/2017,12000,27050,23800,20150,17400,29050,29900,39200,30200,13500
29/12/2017,12000,27050,23800,20150,17400,29050,29900,39200,30200,13500
02/01/2018,12000,27950,21450,21800,15950,20750,31400,29900,29500,13300
03/01/2018,12150,28050,22400,20700,18100,30600,33550,42450,34800,13450
04/01/2018,12050,27150,23400,19900,17800,29100,30400,42350,34050,13500
05/01/2018,12050,27150,23400,19900,17800,29100,30400,42350,34050,13500
08/01/2018,12050,27150,23350,20000,17850,29150,30550,42350,34250,13500
09/01/2018,12100,27200,23400,20000,17850,29050,29750,41600,33950,13500
10/01/2018,12100,27400,23450,20100,17950,29150,29900,41200,33850,13500
11/01/2018,12150,27900,23150,20100,18100,29900,31300,39700,32700,13500
12/01/2018,12150,27900,23150,20100,18100,29900,31300,39700,32700,13500
15/01/2018,12200,27900,23200,20100,18150,29900,31300,39700,32700,13500
16/01/2018,12200,27900,23100,19800,18050,29600,31200,39500,31900,13500
17/01/2018,12150,27950,23000,19700,18050,29800,31250,39650,32300,13550
18/01/2018,12200,27900,22600,19250,18050,31350,30800,38100,33750,13500
19/01/2018,12200,27900,22600,19250,18050,31350,30800,38100,33750,13500
22/01/2018,12200,27900,22600,19300,17900,31600,30950,38100,33750,13500
23/01/2018,12250,28000,22550,19300,17950,31450,30700,37950,33700,13500
24/01/2018,12250,27800,22450,19100,18000,31400,30750,37250,33800,13500
25/01/2018,12400,27150,22100,18650,17950,31950,31850,35200,33350,13450
26/01/2018,12400,27150,22100,18650,17950,31950,31850,35200,33350,13450
29/01/2018,12400,27100,22100,18500,17950,32000,31850,34900,33350,13450
30/01/2018,12400,26950,22100,18800,18000,32400,32350,34700,33600,13450
31/01/2018,12400,26950,21950,18700,17900,32000,32050,34050,33300,13450
01/02/2018,12400,26150,21700,18600,17950,31450,32450,34800,33050,13500
02/02/2018,12400,26150,21700,18600,17950,31450,32450,34800,33050,13500
05/02/2018,12400,26150,21700,18600,17950,31450,32450,34800,33050,13500
06/02/2018,12450,25950,21700,18650,18050,31400,32050,34850,32350,13500
07/02/2018,12400,26150,21600,18600,18250,31500,32150,35000,32500,13500
08/02/2018,12500,26150,21200,18800,19500,31650,31950,34600,30950,13550
09/02/2018,12500,26150,21200,18800,19500,31650,31950,34600,30950,13550
12/02/2018,12500,26250,21200,18750,19550,31850,31900,34750,31100,13550
13/02/2018,12450,26100,21150,18700,20050,31950,31800,34950,30700,13550
14/02/2018,12450,26150,21150,18800,20600,31800,31850,35250,30450,13550
15/02/2018,12400,26150,21200,19350,23200,33350,32750,38150,32350,13550
19/02/2018,12400,26250,21200,19250,23200,33350,32900,38150,32300,13550
20/02/2018,12400,26200,21250,19300,23450,33700,33450,38650,32200,13550
21/02/2018,12400,26100,21250,19300,23550,33700,33550,39100,31850,13550
22/02/2018,12450,25950,21350,19350,24650,33200,32900,42250,31600,13550
23/02/2018,12450,25950,21350,19350,24650,33200,32900,42250,31600,13550
26/02/2018,12450,25950,21350,19350,24650,33200,32900,42250,31600,13550
27/02/2018,12450,25900,21300,19250,24650,33050,32650,42100,31400,13550
28/02/2018,12450,25850,21300,19300,24750,32750,32650,42600,31400,13550
01/03/2018,12400,25250,21150,19500,24950,32000,32550,44800,31200,13500
02/03/2018,12400,25250,21150,19500,24950,32000,32550,44800,31200,13500
05/03/2018,12350,25250,21100,19450,24950,32000,32600,44650,31150,13500
06/03/2018,12350,25100,21100,19850,25150,32000,33000,45700,31450,13500
07/03/2018,12350,25100,21000,19950,25150,32250,33200,45900,31750,13500
08/03/2018,12350,24750,20850,20600,24850,32300,34000,47950,31950,13550
09/03/2018,12350,24750,20850,20600,24850,32300,34000,47950,31950,13550
12/03/2018,12350,24750,20800,20900,24850,32350,34100,48150,32100,13550
13/03/2018,12350,24850,20800,20950,25000,33250,34400,48050,32800,13550
14/03/2018,12350,25000,20700,21000,24900,34050,35100,49450,32950,13550
15/03/2018,12350,25600,20350,21050,25850,36300,36700,49200,32100,13500
16/03/2018,12350,25600,20350,21050,25850,36300,36700,48900,32100,13500
19/03/2018,12350,25600,20400,21050,25850,36300,36700,48900,32100,13500
20/03/2018,12350,25500,20400,20950,25900,36350,37000,48050,32150,13500
21/03/2018,12300,25500,20450,21000,26150,36050,36500,46850,32150,13500
22/03/2018,12300,25400,20450,21850,27450,35050,35150,44150,31550,13500
23/03/2018,12300,25400,20450,21850,27450,35050,35150,44150,31550,13500
26/03/2018,12300,25450,20450,21900,27450,35200,34900,43900,31500,13500
27/03/2018,12250,25450,20450,22200,27400,34700,34750,44450,31250,13500
28/03/2018,12250,25600,20450,23050,27900,35050,34700,43650,31300,13500
29/03/2018,12250,25950,20500,25100,28450,35750,34350,41000,31050,13500
02/04/2018,12250,25950,20500,25150,28600,35900,34500,41100,31200,13500
03/04/2018,12250,25950,20450,25300,28600,35750,34350,40650,31300,13500
04/04/2018,12250,26050,20450,25850,28550,35050,33700,40550,31100,13500
05/04/2018,12250,26150,20300,27700,28200,35300,33500,40400,30600,13500
06/04/2018,12250,26150,20300,27700,28200,35300,33500,40400,30600,13500
09/04/2018,12250,26150,20300,27850,28500,35400,33600,40400,30600,13500
10/04/2018,12200,26050,20450,28050,28550,35450,33300,40050,30650,13500
11/04/2018,12200,26100,20550,28150,28500,35650,33550,40200,30300,13500
12/04/2018,12200,26200,21050,29600,28200,36700,33050,39050,29950,13550
13/04/2018,12200,26200,21050,29600,28200,36700,33050,39050,29950,13550
16/04/2018,12200,26150,21050,29650,27950,36950,33250,39250,30150,13550
17/04/2018,12200,26250,21000,29900,28000,36850,32950,39150,29250,13550
18/04/2018,12200,26450,21100,30150,28250,36850,32700,38850,29050,13550
19/04/2018,12200,26600,21450,30600,28000,36100,31350,37200,27650,13550
20/04/2018,12200,26600,21450,30600,28000,36100,31350,37200,27650,13550
23/04/2018,12200,26600,21450,30700,28100,35750,31100,36900,27400,13550
24/04/2018,12200,26650,21550,30700,28050,35500,30650,36400,27100,13550
25/04/2018,12200,26700,21600,31000,27850,34700,30050,35400,26600,13550
26/04/2018,12150,27150,21750,30600,26650,31150,28150,32350,25100,13550
27/04/2018,12150,27150,21750,30600,26650,31150,28150,32350,25100,13550
30/04/2018,12150,27200,21750,30500,26350,31150,27950,32000,24750,13550
02/05/2018,12150,27300,21800,30150,25500,31100,28300,31400,24650,13550
03/05/2018,12200,27300,22050,29450,23800,30900,28800,30050,24450,13550
04/05/2018,12200,27300,22050,29450,23800,30900,28800,30050,24450,13550
07/05/2018,12200,27300,22100,29450,23850,31000,28850,30100,24450,13550
08/05/2018,12200,27450,22050,29800,23850,31600,28700,30100,25150,13550
09/05/2018,12150,27650,22550,29800,23400,31800,29000,29300,25650,13550
11/05/2018,12150,27950,22900,29650,22950,31900,28800,29600,25900,13550
14/05/2018,12150,28000,22900,29500,23000,32100,28800,29550,25850,13550
15/05/2018,12150,28250,22950,29550,22850,32400,29400,29800,26150,13550
16/05/2018,12150,28600,22950,29350,22950,32650,29550,29800,26000,13550
17/05/2018,12150,29700,23600,29100,22150,32450,30050,29350,25250,13550
18/05/2018,12150,29750,23600,29100,22200,32500,30050,29400,25300,13550
21/05/2018,12150,29750,23600,29100,22200,32300,30050,29400,25300,13550
22/05/2018,12150,29750,23650,28650,21850,32100,29700,29500,25650,13550
23/05/2018,12150,29650,23650,28650,21700,31050,28700,29350,25350,13550
24/05/2018,12100,29350,23500,28700,21100,30200,28250,29450,25750,13550
25/05/2018,12100,29350,23500,28700,21100,30200,28250,29450,25750,13550
28/05/2018,12100,29450,23500,28750,21150,29550,27950,29350,25700,13550
30/05/2018,12100,29050,23500,28400,21600,28600,27600,28900,25100,13550
31/05/2018,12100,28500,23000,27950,21050,27350,25650,28750,24850,13500
01/06/2018,12100,28500,23000,27950,21050,27350,25650,28750,24850,13500
04/06/2018,12100,28500,23000,27950,21050,27350,25650,28750,24850,13500
05/06/2018,12100,28450,22800,27600,20900,27500,25150,29350,24900,13500
06/06/2018,12100,28550,22850,28050,20750,27800,25350,29950,24800,13500
07/06/2018,12100,28600,22750,27250,21250,27450,24250,31550,25150,13550
08/06/2018,12100,28600,22750,27250,21250,27450,24250,31550,25150,13550
11/06/2018,12100,28650,22750,27250,21250,27950,24950,31800,25600,13550
12/06/2018,12100,28950,22750,27450,21300,28850,26600,33200,26400,13550
13/06/2018,12100,30400,22750,27850,21950,37000,33000,39450,31050,13550
14/06/2018,12100,30400,22750,27850,21950,37000,33000,39450,31050,13550
18/06/2018,12100,30550,22750,28000,22200,37850,33700,40350,32300,13550
19/06/2018,12100,30600,22650,28250,22250,37550,33300,40350,32600,13550
20/06/2018,12100,30700,22650,28000,22200,36650,32650,40800,32750,13500
21/06/2018,12100,31100,22750,27650,22500,33000,30650,38650,32700,13300
22/06/2018,12100,31100,22750,27650,22500,33000,30650,38650,32700,13300
25/06/2018,12100,31100,22750,27700,22500,32450,30250,38200,32250,13300
26/06/2018,12100,31050,22800,27350,22500,31350,29000,37650,31400,13300
27/06/2018,12100,31050,22800,27350,22500,31350,29000,37650,31400,13300
28/06/2018,12100,29750,22550,26750,22200,26850,25700,37750,28550,13300
29/06/2018,12100,29750,22550,26750,22200,26850,25700,37750,28550,13300
02/07/2018,12100,29750,22550,26850,22200,26750,25500,37750,28550,13300
03/07/2018,12100,29650,22550,26700,22150,26450,25400,38100,28650,13300
04/07/2018,12100,30100,22750,25900,22000,25800,25650,39100,28200,13500
05/07/2018,12100,29850,23450,24250,22050,26600,27000,45350,30350,13500
06/07/2018,12100,29850,23450,24250,22050,26600,27000,45350,30350,13500
09/07/2018,12100,29850,23500,24200,22000,26600,26950,45350,30350,13500
10/07/2018,12100,29600,23500,23950,21700,27000,27200,46050,31100,13500
11/07/2018,12100,29650,23700,23950,21800,27350,27400,46450,31250,13500
12/07/2018,12100,30200,24700,22800,21300,29550,30550,48550,32200,13500
13/07/2018,12100,30200,24700,22800,21300,29550,30550,48550,32200,13500
16/07/2018,12100,30300,24750,22650,21200,29750,30900,48750,32500,13500
17/07/2018,12100,30300,24750,22600,21150,30400,31400,49350,32800,13450
18/07/2018,12100,30550,24750,22400,21050,30700,31850,48900,32900,13450
19/07/2018,12100,31550,25200,21450,20650,30450,31600,49650,33650,13450
20/07/2018,12100,31550,25200,21450,20650,30450,31600,49650,33650,13450
23/07/2018,12100,31500,25150,21450,20650,30450,31700,49650,33650,13450
24/07/2018,12100,31750,25250,21300,20550,30250,31600,49150,33600,13400
25/07/2018,12100,31850,25050,20900,20500,30100,31250,49450,33000,13400
26/07/2018,12050,32650,24600,20750,20300,27900,29800,46650,32250,13450
27/07/2018,12050,32650,24600,20750,20300,27900,29800,46250,32250,13450
30/07/2018,12050,32650,24600,20750,20300,27900,29800,46250,32250,13450
31/07/2018,12050,32550,24550,20850,20300,27400,28450,45100,31600,13450
01/08/2018,12050,32250,24450,20600,20300,26950,28550,44200,31800,13450
02/08/2018,12050,31250,23850,20500,20350,26100,27000,40650,31150,13400
03/08/2018,12050,31250,23850,20450,20250,25950,27000,40650,31150,13400
06/08/2018,12050,31250,23800,20450,20250,25950,27000,40650,31150,13400
07/08/2018,12050,31100,23650,19900,20000,26150,27400,39850,30700,13400
08/08/2018,12050,30800,23600,20050,20050,26150,27500,39400,30700,13400
09/08/2018,12050,29950,23000,20100,20200,28050,28750,37750,29950,13350
10/08/2018,12050,29950,23000,20100,20200,28050,28750,37750,29950,13350
13/08/2018,12050,29950,23000,20100,20200,28050,28750,37750,29950,13350
14/08/2018,12050,29650,22950,20000,20200,27950,28600,37700,29800,13400
15/08/2018,12050,29600,22900,20100,20200,27650,28500,37400,30150,13400
16/08/2018,12050,29100,22650,19950,20200,26050,27000,35400,29200,13400
20/08/2018,12050,29100,22650,20100,20200,26400,26850,34400,28600,13400
21/08/2018,12050,29300,22500,20000,20100,27150,27150,34450,29000,13400
23/08/2018,12050,30000,22550,19850,20250,27800,27600,33550,29900,13400
24/08/2018,12050,30000,22550,19850,20250,27800,27600,33550,29900,13400
27/08/2018,12050,30000,22550,19850,20250,27650,27550,33650,29950,13400
28/08/2018,12050,29800,22500,19800,20250,27150,26900,33750,30000,13400
29/08/2018,12050,29750,22500,19550,20200,26700,26450,34050,29950,13400
30/08/2018,12050,28850,22600,18850,20050,24850,23950,31500,28700,13350
31/08/2018,12050,28850,22600,18850,20050,24850,23950,31500,28700,13350
03/09/2018,12050,28800,22600,18850,19950,24450,23650,31300,28500,13350
04/09/2018,12050,28650,22550,18550,19850,23800,23250,31050,28150,13350
05/09/2018,12050,28400,22550,18450,19900,23600,22900,29750,27600,13300
06/09/2018,12050,27750,22450,17600,19550,22200,20950,27150,24900,13350
07/09/2018,12050,27750,22450,17600,19550,22200,20950,27150,24900,13350
10/09/2018,12050,27700,22400,17550,19500,22200,21050,27150,24850,13350
12/09/2018,12050,27600,22400,17650,19500,22200,21300,27150,24900,13350
13/09/2018,12000,26800,22050,17000,19100,22450,21800,26300,25900,13300
14/09/2018,12000,26800,22050,17000,19100,22450,21800,26300,25900,13300
17/09/2018,12000,26800,22000,17000,19100,22400,21650,26150,25750,13300
18/09/2018,12000,26700,22000,16900,18750,22050,21600,26100,25800,13300
19/09/2018,12000,26750,21950,16850,18600,21350,21250,26050,26050,13300
20/09/2018,12000,26350,21750,16350,18400,21200,20950,25450,25800,13300
21/09/2018,12000,26350,21750,16350,18400,21450,20950,25100,25800,13300
24/09/2018,12000,26350,21750,16350,18400,21650,20950,25100,25750,13300
25/09/2018,12000,26100,21600,16350,18300,22050,20900,25750,26000,13300
26/09/2018,12000,26050,21500,16250,18350,21950,21000,25350,26150,13300
27/09/2018,12000,25750,21000,16050,18100,20850,20400,27050,26550,13250
28/09/2018,12000,25750,21000,16050,18100,20850,20400,27050,26550,13250
01/10/2018,12000,25750,21000,16050,18100,20850,20400,27050,26550,13250
02/10/2018,12000,25750,21000,15750,18250,21000,20600,26900,26400,13250
03/10/2018,12000,25800,21050,15650,18200,20950,20600,26800,26300,13250
04/10/2018,12000,26300,21150,15050,18000,23250,22150,29000,27300,13250
05/10/2018,12000,26300,21150,15050,18000,23250,22150,29000,27300,13250
08/10/2018,12000,26300,21150,15050,18000,23400,22450,29200,27400,13250
09/10/2018,12000,26450,21100,15050,18000,23050,22550,29050,26950,13250
10/10/2018,11950,26550,21100,15100,18050,23350,23000,29000,27350,13250
11/10/2018,11950,26700,21300,15550,18650,25100,24550,29700,28050,13200
12/10/2018,11950,26700,21300,15550,18650,25100,24550,29700,28050,13200
15/10/2018,11950,26700,21350,15550,18650,25100,24550,29850,28150,13200
16/10/2018,11950,26650,21350,15600,18800,25500,24750,29950,29050,13200
17/10/2018,11950,26650,21250,15750,18850,25850,25000,30100,28900,13200
18/10/2018,12000,26650,21000,16650,19250,26050,25900,29900,28700,13200
19/10/2018,12000,26650,21000,16650,19250,26050,25900,29900,28700,13200
22/10/2018,11950,26650,21050,16750,19250,26100,26000,29900,28750,13200
23/10/2018,11950,26650,21050,16800,19300,26350,26450,30100,28450,13200
24/10/2018,11950,26500,21100,16800,19400,26400,26400,29950,28250,13200
25/10/2018,12000,26250,21050,17450,19700,25700,27150,30100,27900,13200
26/10/2018,12000,26250,21050,17450,19700,25700,27150,30100,27900,13200
29/10/2018,12000,26250,21050,17350,19700,25800,27300,30100,27900,13200
30/10/2018,12000,26400,21100,17400,19650,25500,26700,29200,28000,13200
31/10/2018,12000,26400,21100,17400,19600,24950,26500,29250,27550,13200
01/11/2018,12000,26500,21150,17600,19600,24200,25400,27500,27100,13200
02/11/2018,12000,26500,21150,17600,19600,24200,25400,27500,27100,13200
05/11/2018,12000,26550,21150,17750,19650,24200,25400,27650,27250,13200
06/11/2018,12000,26550,21150,17650,19600,23850,25300,28000,27650,13200
07/11/2018,12000,26450,21150,17750,19450,24050,25200,28150,27700,13200
08/11/2018,12000,26400,21200,18400,18950,24100,24200,30200,27600,13200
09/11/2018,12000,26400,21200,18400,18950,24100,24200,30200,27600,13200
12/11/2018,12000,26400,21250,18350,18950,24000,24100,29950,27400,13200
13/11/2018,12000,26400,21250,18450,18850,24050,23850,29800,27250,13200
14/11/2018,12000,26500,21250,18700,18750,23750,23950,29750,27200,13200
15/11/2018,12000,26650,21800,19100,18150,23650,23700,29800,27100,13200
16/11/2018,12000,26650,21800,19100,18150,23650,23700,29800,27100,13200
19/11/2018,12000,26700,21850,19200,18100,23550,23800,29650,27000,13200
21/11/2018,12000,26750,21900,19400,17950,23400,23550,29950,27400,13200
22/11/2018,12000,26850,22350,20250,17500,24200,23050,30650,27500,13150
23/11/2018,12000,26850,22350,20250,17500,24200,23050,30650,27500,13150
26/11/2018,12000,26900,22350,20250,17500,24200,23050,30650,27500,13150
27/11/2018,12000,27050,22500,20450,17600,24300,22850,30950,27650,13150
28/11/2018,12000,27100,22550,20550,17500,24200,22800,31150,28250,13150
29/11/2018,12000,27500,22800,21350,17300,22950,22750,31650,28000,13100
30/11/2018,12000,27500,22800,21350,17300,22950,22750,31650,28000,13100
03/12/2018,12000,27500,22800,21350,17300,22950,22750,31650,28000,13100
04/12/2018,12000,27500,22850,21600,17250,23050,22650,31900,28100,13100
05/12/2018,12000,27500,22900,21750,17400,23000,22650,32000,28200,13100
06/12/2018,12050,28000,23600,22650,17200,23500,23150,33200,27550,13100
07/12/2018,12050,28000,23600,22650,17200,23500,23150,33200,27550,13100
10/12/2018,12050,28000,23600,22650,17200,23450,23150,33050,27400,13100
11/12/2018,12050,28000,23600,22750,17100,23400,23150,33150,27150,13100
12/12/2018,12050,28100,23700,23050,17000,22950,23400,33400,26850,13100
13/12/2018,12050,28100,24100,23800,16850,24450,24650,34200,26500,13000
14/12/2018,12050,28100,24100,23800,16850,24450,24650,34200,26500,13000
17/12/2018,12050,28100,24100,23850,16750,24550,24650,34200,26450,13000
18/12/2018,12050,28250,24200,23900,16800,24850,24600,33800,26750,13000
19/12/2018,12050,28250,24200,24000,16900,25100,24750,34100,26600,13000
20/12/2018,12050,28850,24450,24350,17100,25550,24600,34950,26350,13000
21/12/2018,12050,28850,24450,24350,17100,25550,24600,34950,26350,13000
24/12/2018,12050,28850,24450,24350,17100,25550,24600,34950,26350,13000
26/12/2018,12050,29400,24500,24350,17100,25800,24600,37700,26900,12950
27/12/2018,12100,30050,24800,25100,17100,26650,25100,40350,28050,12950
28/12/2018,12100,30050,24800,25100,17100,26650,25100,40350,28050,12950
31/12/2018,12100,30050,24800,25100,17150,26550,25000,40350,27900,12950
02/01/2019,11750,33500,24050,26150,17350,24500,23600,35800,28900,13150
03/01/2019,12100,30250,24750,25550,17100,24750,23150,38800,26900,13000
04/01/2019,12100,30250,24750,25550,17100,24750,23150,38800,26900,13000
07/01/2019,12100,30150,24750,25550,17100,24750,23150,38600,26750,13000
08/01/2019,12100,29850,24750,25600,17100,24250,22850,38450,26350,13000
09/01/2019,12100,29600,24700,25650,17250,24300,22900,38800,26000,13000
10/01/2019,12100,29350,24200,26200,17300,23850,22350,36800,25100,12900
11/01/2019,12100,29350,24200,26200,17300,23850,22350,36800,25100,12900
14/01/2019,12100,29250,24250,26350,17300,23850,22350,36800,25100,12900
15/01/2019,12100,29150,24200,26350,17400,24050,22000,37050,25500,12900
16/01/2019,12100,28950,24100,26300,17450,23750,21850,35750,25100,12900
17/01/2019,12150,28350,23800,26050,17600,22550,20950,33050,24550,12850
18/01/2019,12150,28350,23800,26050,17600,22550,20950,33050,24550,12850
21/01/2019,12150,28300,23750,25950,17600,22550,20950,33050,24550,12850
22/01/2019,12150,28250,23700,26050,17550,22100,20800,32750,24600,12850
23/01/2019,12150,28000,23700,26000,17350,22050,20350,32200,24450,12850
24/01/2019,12200,27150,23400,24350,17450,21000,18800,28800,23800,12850
25/01/2019,12200,27150,23400,24350,17450,21000,18800,28800,23800,12850
28/01/2019,12200,27150,23400,24350,17450,21000,18800,28800,23750,12850
29/01/2019,12200,27050,23400,23750,17450,21000,18900,28250,23500,12850
30/01/2019,12200,26950,23300,23450,17400,20500,18600,27900,23200,12850
31/01/2019,12200,25950,22950,22500,17300,20200,17950,26200,23550,12800
01/02/2019,12200,25950,22950,22500,17300,20200,17950,26200,23550,12800
04/02/2019,12200,25950,22950,22500,17300,20200,17950,26200,23550,12750
06/02/2019,12200,25850,22900,22150,17350,20150,18150,25700,23200,12750
07/02/2019,12200,25700,23150,21650,17350,19650,18000,25000,22750,12800
08/02/2019,12200,25700,23150,21650,17350,19650,18000,25000,22750,12800
11/02/2019,12200,25700,23150,21500,17300,19750,18100,25000,22750,12800
12/02/2019,12200,25750,23100,21500,17400,19900,18200,25150,22950,12800
13/02/2019,12200,25850,23050,21400,17500,19900,18000,24900,22800,12800
14/02/2019,12200,26200,22550,21200,18750,21200,18450,24150,23450,12600
15/02/2019,12200,26200,22550,21200,18750,21200,18450,24150,23450,12600
18/02/2019,12200,26200,22500,21200,18750,21200,18450,24150,23450,12600
19/02/2019,12200,26300,22500,21350,18900,21400,18750,24250,23550,12600
20/02/2019,12200,26200,22450,21400,19000,21450,18750,24800,23700,12600
21/02/2019,12200,26150,22100,21500,19650,20250,18600,25150,23900,12850
22/02/2019,12200,26150,22100,21500,19650,20250,18600,25150,23900,12850
25/02/2019,12200,26150,22050,21500,19650,20350,18600,25150,23900,12850
26/02/2019,12200,26000,22100,21500,19550,20650,18500,24950,23900,12850
27/02/2019,12200,26050,22050,21800,19650,20800,18700,25300,24050,12850
28/02/2019,12150,25700,21850,22300,19800,19850,18350,25850,23700,12850
01/03/2019,12150,25700,21850,22300,19800,19850,18350,25850,23700,12850
04/03/2019,12150,25700,21850,22300,19800,19850,18350,25850,23700,12850
05/03/2019,12150,25600,21850,22450,19750,19750,18300,26250,23850,12850
06/03/2019,12150,25450,21750,23200,20200,20700,18650,27900,24150,12850
08/03/2019,12150,25400,21700,24000,20550,21100,18900,28450,23950,12800
11/03/2019,12150,25400,21700,24000,20550,21100,18900,28450,23950,12800
12/03/2019,12150,25350,21700,24050,20750,20750,18750,28150,23850,12750
13/03/2019,12100,25400,21700,24600,20900,20850,18950,28050,24000,12800
14/03/2019,12000,25500,21500,26000,23000,21750,20100,29950,24150,12750
15/03/2019,12000,25500,21500,26000,23000,21750,20100,29950,24150,12750
18/03/2019,12000,25500,21500,26000,23000,21750,20100,29950,24150,12750
19/03/2019,12000,25600,21500,26150,23250,21900,20100,30500,24050,12750
20/03/2019,12000,25600,21500,26150,23450,21550,20100,30050,23900,12750
21/03/2019,12000,25750,21450,27250,25050,22350,19950,30150,24500,12900
22/03/2019,12000,25750,21450,27250,25050,22350,19950,30150,24500,12900
25/03/2019,12000,25750,21450,27250,25050,22350,19950,30150,24500,12900
26/03/2019,12000,25750,21450,27500,25150,22400,19800,29550,24300,12900
27/03/2019,11950,25700,21550,28100,25150,22400,19850,29800,24700,12900
28/03/2019,11950,25600,21700,29500,25950,23000,19950,29750,24600,12850
29/03/2019,11950,25600,21700,29500,25950,23000,19950,29750,24600,12850
01/04/2019,11950,25600,21700,29500,25950,23000,19950,29750,24600,12850
02/04/2019,11950,25650,21700,29500,26050,22700,20000,29850,24200,12850
04/04/2019,11900,25750,21900,31050,29150,22750,20600,29500,24450,12850
05/04/2019,11900,25750,21900,31050,29150,22750,20600,29500,24450,12850
08/04/2019,11900,25750,21900,31050,29150,22750,20600,29500,24450,12850
09/04/2019,11900,25750,21850,31200,29250,23050,20600,29350,24850,12850
10/04/2019,11900,25700,21900,31100,29500,23600,20450,29150,24500,12850
11/04/2019,11900,26150,21950,32000,31000,25650,21700,29000,25200,12800
12/04/2019,11900,26150,21950,32000,31000,25650,21700,29000,25200,12800
15/04/2019,11900,26150,21950,32000,31000,25650,21700,29000,25200,12800
16/04/2019,11900,26150,22000,32250,31700,26000,21600,29400,25800,12800
17/04/2019,11900,26200,22000,32250,31750,26000,21600,29450,25850,12800
18/04/2019,11900,26700,22050,33750,36450,26250,21300,32100,28350,12800
22/04/2019,11900,26750,22050,33750,36500,26400,21300,32100,28300,12800
23/04/2019,11900,26900,22100,34050,37050,26500,22100,32250,28950,12800
24/04/2019,11900,27000,22100,34050,37400,26400,22150,32500,29250,12800
25/04/2019,11900,27800,22250,33350,39350,27250,23950,32600,28600,12750
26/04/2019,11900,27800,22250,33350,39350,27250,23950,32600,28600,12750
29/04/2019,11900,27800,22250,33350,39350,27250,23950,32600,28600,12750
30/04/2019,11900,28000,22400,33500,39850,27800,24700,33150,28400,12750
02/05/2019,11900,29000,23250,32450,42050,28650,25600,35450,29000,12800
03/05/2019,11900,29000,23250,32450,42050,28650,25600,35450,29000,12800
06/05/2019,11900,29000,23250,32450,42050,28650,25600,35450,29000,12800
07/05/2019,11900,29000,23200,32050,42450,28950,26000,35300,29600,12800
08/05/2019,11900,28950,23250,31800,43200,29500,26600,35450,30000,12450
09/05/2019,11900,29200,23700,30050,46100,31700,30850,38400,31000,12400
10/05/2019,11900,29200,23700,30050,46100,31700,30850,38400,31000,12400
13/05/2019,11900,29200,23700,30050,46100,31700,30850,38400,31000,12400
14/05/2019,11900,28950,23700,29950,45600,31550,30700,38000,30050,12400
15/05/2019,11900,28750,23750,29950,45350,31500,30650,37800,29900,12400
16/05/2019,11900,27750,23500,28700,39200,29050,27550,32850,27750,12450
17/05/2019,11900,27750,23500,28700,39200,29050,27550,32850,27750,12450
20/05/2019,11900,27750,23500,28700,39200,29050,27550,32850,27750,12450
21/05/2019,11900,27900,23600,28500,38600,28650,27050,33700,28050,12450
22/05/2019,11900,27900,23550,28300,37950,28600,27050,33250,28000,12450
23/05/2019,11900,27650,23250,27100,33450,27850,26500,32900,28050,12450
24/05/2019,11900,27650,23250,27100,33450,27850,26500,32900,28050,12450
27/05/2019,11900,27650,23250,27100,33450,27850,26500,32900,28050,12450
28/05/2019,11900,27650,23200,27100,33350,28000,26800,32550,27750,12450
29/05/2019,11950,28200,23000,27550,33050,31050,28500,32200,27500,12400
31/05/2019,11900,28250,22950,27850,32550,32900,29250,32850,28800,12400
03/06/2019,11900,28250,22950,27850,32550,32900,29250,32850,28800,12400
04/06/2019,11950,29800,22900,29500,33400,45100,41400,35400,29800,12450
05/06/2019,11950,29800,22900,29600,33400,45550,41700,35450,30450,12450
06/06/2019,11950,29800,22900,29600,33450,45650,41800,35450,30450,12450
07/06/2019,12000,30050,22700,29750,33200,47750,43250,34550,29850,12450
10/06/2019,12000,30050,22700,29750,33200,47750,43250,34550,29850,12450
11/06/2019,12000,30050,22700,29600,33200,47650,42900,34850,30050,12450
12/06/2019,12000,29900,22650,29900,32650,47650,42350,35850,30500,12450
13/06/2019,11900,29100,22500,30650,32550,38700,36500,30850,30550,12450
14/06/2019,11900,29100,22500,30650,32550,38700,36500,30850,30550,12450
17/06/2019,11900,29100,22500,30650,32550,38700,36500,30850,30550,12450
18/06/2019,11950,29050,22450,30650,32500,38600,36600,30700,30500,12450
19/06/2019,11950,28700,22400,30800,32350,39000,37700,30100,30400,12450
20/06/2019,11950,27300,22250,30850,32650,39850,39900,31750,29750,12500
21/06/2019,11950,27300,22250,30850,32650,39850,39900,31750,29750,12500
24/06/2019,11950,27300,22250,30850,32650,39850,39900,31750,29750,12500
25/06/2019,11950,27150,22250,30800,32650,40050,40100,31800,29850,12500
26/06/2019,11950,27050,22250,30800,32650,39400,39850,31850,30150,12500
27/06/2019,11950,26200,22250,30400,31450,44450,42500,31500,32950,12500
28/06/2019,11950,26200,22250,30400,31450,44450,42500,31500,32950,12500
01/07/2019,11950,26200,22250,30400,31450,44450,42500,31500,32950,12500
02/07/2019,11950,26100,22200,30200,31400,44400,42750,32250,33400,12450
03/07/2019,11950,26050,22200,30350,31600,45900,44150,34100,34650,12450
04/07/2019,11950,26350,22150,28600,30850,49450,46750,39300,40050,12450
05/07/2019,11950,26350,22150,28600,30850,49450,46750,39300,40050,12450
08/07/2019,11950,26350,22150,28600,30850,49450,46750,39300,40050,12450
09/07/2019,11950,26400,22150,28500,30750,49900,47100,39400,40400,12450
10/07/2019,11950,26700,22150,28450,30550,49550,47200,39150,41350,12450
11/07/2019,11950,27650,22200,27200,30050,46950,47350,44100,44250,12500
12/07/2019,11950,27650,22200,27200,30050,46950,47350,44100,44250,12500
15/07/2019,11950,27650,22200,27200,30050,46950,47350,44100,44250,12500
16/07/2019,11950,27750,22150,27250,29950,47250,47450,44850,44400,12500
17/07/2019,11950,27900,22350,27300,30050,47550,48000,47350,46050,12450
18/07/2019,11950,28500,22400,26400,29400,48100,49800,54100,50250,12450
19/07/2019,11950,28500,22400,26400,29400,48100,49800,54100,50250,12450
22/07/2019,11950,28500,22400,26400,29400,48100,49800,54100,50250,12450
23/07/2019,11950,28450,22450,26350,29450,48200,49950,54350,50350,12450
24/07/2019,11950,28300,22200,25850,29150,47500,49050,53800,49900,12450
25/07/2019,11950,27750,22300,25000,28900,45500,48900,58350,50150,12400
26/07/2019,11950,27750,22300,25000,28900,45500,48900,58350,50350,12400
29/07/2019,11950,27750,22300,25000,28900,45500,48900,58350,50350,12400
30/07/2019,11950,27650,22300,24900,28800,44800,48500,58100,49950,12400
31/07/2019,11950,27400,22300,24700,28800,45050,48650,59150,49750,12400
01/08/2019,11950,26900,22250,24050,28200,44250,48750,64250,52300,12350
02/08/2019,11950,26900,22250,24050,28200,44250,48750,64250,52300,12350
05/08/2019,11950,26900,22250,24050,28200,44250,48750,64250,52300,12350
06/08/2019,11950,27000,22250,24050,28100,45300,49950,64700,52500,12350
07/08/2019,11950,27100,22250,24000,28150,45700,50550,64300,52750,12350
08/08/2019,11900,27150,22250,23250,27900,52050,55300,67600,53100,12350
09/08/2019,11900,27150,22250,23250,27900,52050,55300,67600,53100,12350
12/08/2019,11900,27150,22250,23250,27900,52050,55300,67600,53100,12350
13/08/2019,11900,27150,22250,23200,27950,52500,55900,67700,53250,12350
14/08/2019,11900,27050,22250,22950,27700,53100,55950,67500,53250,12350
15/08/2019,11950,26600,22250,22100,27550,55700,59350,68100,52950,12400
16/08/2019,11950,26600,22250,22100,27550,55700,59350,68100,52950,12400
19/08/2019,11950,26600,22250,22100,27550,55700,59350,68100,52950,12400
20/08/2019,11950,26500,22300,21950,27550,55450,58800,67850,52500,12400
21/08/2019,11950,26300,22300,21750,27400,55350,58550,67300,51750,12400
22/08/2019,11950,25300,22350,20200,26750,46950,52600,60800,46050,12400
23/08/2019,11950,25300,22350,20200,26750,47100,52600,60800,46050,12400
26/08/2019,11950,25300,22350,20200,26750,47100,52600,60800,46050,12400
27/08/2019,11950,25150,22300,20050,26700,46400,51800,61050,45650,12400
28/08/2019,11950,25150,22300,19900,26650,45750,51350,60550,45500,12400
29/08/2019,11950,24500,22250,18450,26100,40350,48400,56800,42100,12400
30/08/2019,11950,24500,22250,18450,26100,40350,48400,56800,42100,12400
02/09/2019,11950,24500,22250,18450,26100,40350,48400,56800,42100,12400
03/09/2019,11950,24450,22200,18200,26000,40100,48050,56550,42150,12400
04/09/2019,12000,24400,22150,17800,26000,39700,47950,56300,40750,12450
05/09/2019,12000,23800,22000,17200,25700,38000,45800,58850,41050,12350
06/09/2019,12000,23800,22000,17200,25700,38000,45800,58850,41050,12350
09/09/2019,12000,23800,22000,17200,25700,38000,45800,58850,41050,12350
10/09/2019,12000,24000,22000,17250,25800,37800,45950,59150,41150,12350
11/09/2019,12000,24150,22000,17250,25800,36900,44750,59050,41000,12350
12/09/2019,12000,24800,21700,16900,25850,35400,40900,58800,41300,12400
13/09/2019,12050,25150,21800,16750,25800,35950,41300,59650,41300,12400
16/09/2019,12050,25150,21800,16750,25800,35950,41300,59650,41300,12400
17/09/2019,12050,25250,21700,16750,25800,35550,40700,58950,41100,12400
18/09/2019,12050,25300,21700,16750,25700,35050,39250,57750,41450,12400
19/09/2019,12050,25750,21400,16650,25250,33000,36250,56600,40900,12400
20/09/2019,12000,25400,21300,16800,25300,32800,36000,55950,40900,12400
23/09/2019,12000,25400,21300,16800,25300,32800,36000,55950,40900,12400
24/09/2019,12050,25500,21300,16800,25350,32550,35800,55750,40750,12400
25/09/2019,12050,25400,21300,16700,25250,32500,35600,54900,40350,12400
26/09/2019,12050,25200,21100,16250,25250,31400,33800,51750,39750,12400
27/09/2019,12050,25200,21100,16250,25250,31200,33800,51750,39750,12400
30/09/2019,12050,25200,21100,16250,25250,31200,33800,51750,39750,12400
01/10/2019,12000,25150,21150,16200,25200,31300,33850,51650,39850,12400
02/10/2019,12000,25200,21100,16100,25200,31350,34100,51800,39900,12400
03/10/2019,12000,25900,20850,15850,24750,31750,34200,52050,40000,12450
04/10/2019,12000,25900,20850,15850,24750,31750,34200,52050,40000,12450
07/10/2019,12000,25900,20850,15850,24750,31750,34200,52050,40000,12450
08/10/2019,12000,25850,20850,15850,24750,32000,34450,52200,40050,12450
09/10/2019,12000,25850,20800,16200,24850,32100,34550,52250,40000,12450
10/10/2019,12000,26450,20650,17100,24850,34200,36200,54000,41300,12450
11/10/2019,12000,26450,20650,17100,24850,34200,36200,54000,41300,12450
14/10/2019,12000,26450,20650,17100,24850,34200,36200,54000,41300,12450
15/10/2019,12050,26450,20650,17150,24850,34550,36400,53500,41350,12450
16/10/2019,12000,26650,20650,17350,24850,34400,36100,52850,41200,12450
17/10/2019,12000,27300,20600,19100,24950,35650,36000,50200,40700,12500
18/10/2019,12000,27300,20600,19100,24950,35650,36000,50200,40700,12500
21/10/2019,12000,27300,20600,19100,24950,35650,36000,50200,40700,12500
22/10/2019,12000,27250,20550,19100,25000,35250,35600,50400,40600,12500
23/10/2019,12000,27200,20550,19150,25000,35200,35600,50400,40300,12500
24/10/2019,12000,27550,20650,19500,24850,34500,33600,49950,38750,12500
25/10/2019,12000,27550,20600,19550,24850,34250,33500,49750,38750,12500
28/10/2019,12000,27550,20600,19550,24850,34250,33500,49750,38750,12500
29/10/2019,12000,27600,20600,19600,24850,33950,32950,49500,38550,12500
30/10/2019,12000,27550,20600,19700,24850,34100,32700,50100,38750,12500
31/10/2019,12000,27600,20550,19800,24950,31050,29500,49250,37800,12500
01/11/2019,12000,27600,20550,19800,24950,31050,29500,49250,37800,12500
04/11/2019,12000,27600,20550,19800,24950,31050,29500,49250,37800,12500
05/11/2019,12000,27600,20550,19900,24950,31000,29500,49350,37750,12500
06/11/2019,12000,27550,20550,20100,25050,30950,29950,49450,37850,12500
07/11/2019,12000,27550,20650,21200,24950,29800,30950,50150,36550,12500
08/11/2019,12000,27550,20650,21200,24950,29800,30950,50150,36550,12500
11/11/2019,12000,27550,20650,21200,24950,29800,30950,50150,36550,12500
12/11/2019,12000,27600,20700,21400,25000,29950,31100,50550,36550,12500
13/11/2019,12000,27650,20750,21550,25050,29700,31100,50650,36600,12500
14/11/2019,12000,28050,21000,22850,25300,30000,31800,49950,36800,12450
15/11/2019,12000,28050,21000,22850,25300,30000,31800,49950,36800,12450
18/11/2019,12000,28050,21000,22850,25300,30000,31800,49950,36800,12450
19/11/2019,12000,28100,21050,22900,25200,29950,31650,49800,36650,12500
20/11/2019,12000,28150,21050,22900,25250,30400,31700,49550,36650,12500
21/11/2019,12000,28250,21700,23900,25350,28350,30150,44150,33400,12500
22/11/2019,12000,28200,21700,23900,25350,28300,30050,43900,33400,12500
25/11/2019,12000,28200,21700,23900,25350,28300,30050,43900,33400,12500
26/11/2019,12000,28200,21750,24050,25350,28150,29950,43700,33300,12500
27/11/2019,12000,28100,21900,24150,25350,27900,29600,43800,33250,12600
28/11/2019,11950,28100,22400,24250,25400,24900,26300,39450,31000,12600
29/11/2019,11950,28150,22450,24250,25350,24850,26150,39450,31000,12600
02/12/2019,11950,28150,22450,24250,25350,24850,26150,39450,31000,12600
03/12/2019,11950,28150,22450,24350,25350,24600,26050,39250,30850,12600
04/12/2019,11950,28100,22450,24400,25350,24200,26000,39200,30700,12600
05/12/2019,11950,27900,22900,25100,25450,22350,23350,36900,27000,12650
06/12/2019,11950,27900,22900,25100,25450,22350,23350,36900,26800,12650
09/12/2019,11950,27900,22900,25100,25450,22350,23350,36900,26800,12650
10/12/2019,11950,27900,22900,25350,25450,22150,23400,36450,27150,12650
11/12/2019,11950,27900,22950,25300,25350,22100,23150,35950,26550,12700
12/12/2019,12000,27600,23200,26600,25300,22550,23100,34300,26150,12750
13/12/2019,12000,27550,23200,26600,25300,22600,23050,34100,26150,12750
16/12/2019,12000,27550,23200,26600,25300,22600,23050,34100,26150,12750
17/12/2019,12000,27550,23250,26650,25400,22900,23350,34200,26200,12750
18/12/2019,12000,27600,23250,26900,25400,23350,24100,34450,26300,12750
19/12/2019,12000,27650,23750,28550,25200,24350,24500,34100,25300,12800
20/12/2019,12000,27650,23750,28600,25200,24400,24600,34150,25300,12800
23/12/2019,12000,27650,23750,28600,25200,24400,24600,34150,25300,12800
26/12/2019,12000,28050,23800,29850,25200,26900,26200,35350,26950,12800
27/12/2019,12000,28050,23800,29900,25200,27000,26250,35350,26950,12800
30/12/2019,12000,28050,23800,29900,25200,27000,26250,35350,26950,12800
31/12/2019,12000,28050,23800,29750,25300,27200,26400,35600,27200,12800
02/01/2020,12000,27700,23550,28800,25750,29650,28750,34850,26950,12800
03/01/2020,12000,27700,23550,28800,25750,29650,28750,34850,26950,12800
06/01/2020,12000,27700,23550,28800,25750,29650,28750,34850,26950,12800
07/01/2020,12000,27600,23600,28800,25850,29800,29300,35850,27450,12800
08/01/2020,12000,27600,23650,28800,26000,30200,29600,36100,27500,12850
09/01/2020,12000,26950,23100,28650,27050,34650,32800,43950,29900,12950
10/01/2020,12000,26950,23100,28650,27050,35300,32800,43950,29900,12950
13/01/2020,12000,26800,23100,28700,27100,35300,32800,44000,29900,12900
14/01/2020,12000,26800,23100,28600,27250,35450,32700,43900,29750,12900
15/01/2020,12000,26800,23050,28700,27350,35500,32700,44250,29800,12900
16/01/2020,12050,26350,22950,29200,28500,38600,35100,50700,31100,13000
17/01/2020,12050,26400,22950,29250,28450,38700,35150,50800,31100,13000
20/01/2020,12050,26400,22950,29250,28450,38700,35150,50800,31100,13000
21/01/2020,12050,26150,22950,29250,28650,38450,34850,51150,31100,13000
22/01/2020,12050,26050,22950,29250,28650,38600,34550,51450,31100,13000
23/01/2020,12000,25900,22650,29600,29100,40600,34200,58750,32550,13050
24/01/2020,12000,25900,22650,29700,29150,40700,34250,58900,32550,13050
27/01/2020,12000,25900,22650,29700,29150,40700,34250,58900,32550,13050
28/01/2020,12000,26000,22550,29700,29050,40800,34450,59000,32550,13100
29/01/2020,12000,25950,22550,29650,29050,40850,34550,59050,32550,13100
30/01/2020,12050,26050,22000,30250,29700,44550,37950,61550,33950,13150
31/01/2020,12050,26100,22000,30150,29650,44500,37750,61350,33950,13150
03/02/2020,12050,26100,22000,30150,29650,44500,37750,61350,33950,13150
04/02/2020,12050,26150,22000,30350,30250,44400,37750,61550,33950,13150
05/02/2020,12050,26200,22000,30350,30650,44750,37750,61650,33850,13150
06/02/2020,12050,26050,21950,32000,42200,46450,39000,59400,34000,13100
07/02/2020,12050,26000,21950,32100,42450,46550,39050,58700,34000,13100
10/02/2020,12050,26000,21950,32100,42450,46550,39050,58700,34000,13100
11/02/2020,12050,26000,21950,32050,42500,46450,38900,58500,34000,13100
12/02/2020,12050,26000,21950,32200,42650,46100,39300,58000,33700,13100
13/02/2020,12050,26700,22350,31950,43750,44500,38000,52150,33350,13150
14/02/2020,12050,26700,22350,31950,43750,44500,38000,52150,32350,13150
17/02/2020,12050,26700,22350,31950,43750,44500,38000,52150,32350,13150
18/02/2020,12050,26750,22300,31850,43600,44450,37950,51850,32500,13150
19/02/2020,12050,26750,22300,31800,43400,44550,38050,50600,32650,13150
20/02/2020,12100,27550,22750,30600,39800,42850,36050,39800,30700,13150
21/02/2020,12100,27650,22800,30400,39550,42800,35700,39100,30650,13150
24/02/2020,12100,27650,22800,30400,39550,42800,35700,39100,30650,13150
25/02/2020,12100,27650,22850,30450,39550,42900,35950,39000,30650,13150
26/02/2020,12100,27650,22900,30400,39500,43600,36100,38300,30300,13200
27/02/2020,12050,27200,23150,28150,38500,42900,35150,33250,30100,13150
28/02/2020,12050,27200,23150,28100,38450,42850,35100,33350,30100,13150
02/03/2020,12050,27200,23150,28100,38450,42850,35100,33350,30100,13150
03/03/2020,12100,27200,23250,28100,38100,42500,34500,33500,30000,13150
04/03/2020,12100,27150,23150,28200,38150,42150,34050,33350,29950,13150
05/03/2020,12100,26700,23050,28350,37450,38600,31800,31800,29500,13200
06/03/2020,12100,26600,23050,28200,37400,38650,31750,31500,29500,13200
09/03/2020,12100,26600,23050,28200,37400,38650,31750,31500,29500,13200
10/03/2020,12100,26400,23050,28200,37400,38650,31750,31350,29500,13200
11/03/2020,12100,26400,23050,28200,37350,38400,31700,31350,29450,13200
12/03/2020,12100,26200,23200,29150,36200,33700,28750,31400,28500,13150
13/03/2020,12100,26250,23200,29200,36300,33450,28700,31500,28500,13150
16/03/2020,12100,26250,23200,29200,36300,33450,28700,31500,28500,13150
17/03/2020,12100,26250,23200,29300,36400,33300,28550,31250,28400,13150
18/03/2020,12100,26250,23300,29250,36300,33150,28400,31300,28300,13200
19/03/2020,12100,26600,23550,29900,36450,29700,25400,36450,27850,13250
20/03/2020,12100,26650,23550,30000,36350,29500,25200,36600,27850,13250
23/03/2020,12100,26650,23550,30000,36350,29500,25200,36600,27850,13250
24/03/2020,12100,26600,23550,30250,36450,29150,24850,37200,27650,13250
26/03/2020,12200,26000,23550,31500,36700,27900,24350,38500,28500,13250
27/03/2020,12200,26000,23650,31550,36650,27850,24250,38600,28500,13250
30/03/2020,12200,26000,23650,31550,36650,27850,24250,38600,28500,13250
31/03/2020,12200,25950,23600,31700,36700,27850,24300,38450,28200,13250
01/04/2020,12200,25950,23600,31750,36700,27600,24100,38500,28000,13250
02/04/2020,12150,24350,23300,33050,36950,24500,22600,39000,26400,13300
03/04/2020,12150,24300,23350,32900,37150,24450,22600,38950,26350,13300
06/04/2020,12150,24300,23350,32900,37150,24450,22600,38950,26350,13300
07/04/2020,12200,24300,23300,32850,37050,24250,22350,38850,26250,13300
08/04/2020,12200,24200,23300,33100,37000,23600,22400,38800,26300,13300
09/04/2020,12200,23650,23400,34700,35750,21950,20900,39550,26350,13300
13/04/2020,12200,23550,23400,34850,35750,21950,20800,40350,26350,13300
14/04/2020,12200,23500,23400,34950,35450,21950,20450,40100,26100,13300
15/04/2020,12200,23450,23400,34650,35000,22050,20300,39700,26250,13300
16/04/2020,12150,22950,23250,34650,32950,21250,20150,35900,25300,13300
17/04/2020,12150,22950,23250,34600,32800,21200,20000,36150,25150,13300
20/04/2020,12150,22950,23250,34600,32800,21200,20000,36150,25150,13300
21/04/2020,12150,22900,23200,34650,32600,21000,19950,35750,25200,13300
22/04/2020,12150,22900,23200,34650,32400,20950,19950,35450,25100,13300
23/04/2020,12200,22750,22950,35150,31350,22350,22050,33350,25350,13300
24/04/2020,12200,22850,23000,35050,31400,22350,22100,33250,25400,13300
27/04/2020,12200,22850,23000,35050,31400,22350,22100,33250,25400,13300
28/04/2020,12200,22800,23000,35250,31400,22200,21950,32950,25350,13300
29/04/2020,12200,22800,23050,35500,31300,22050,21950,32600,25350,13300
30/04/2020,12150,22700,22350,37300,29750,22600,23100,30300,24050,13300
04/05/2020,12150,22800,22300,37350,29600,22600,23100,30100,24050,13300
05/05/2020,12150,22850,22250,37750,29650,22550,22950,30050,23900,13300
06/05/2020,12150,23050,21750,38950,29400,22550,22250,28600,23350,13300
08/05/2020,12150,23550,21350,40450,29100,22250,21350,27250,22350,13300
11/05/2020,12150,23550,21350,40450,29100,22250,21350,27250,22350,13300
12/05/2020,12150,23750,21350,40550,29000,22300,21500,27150,22350,13300
13/05/2020,12150,23500,21400,40550,28850,22250,21400,27100,22300,13300
14/05/2020,12150,25600,21000,43150,27400,20700,19250,26250,22250,13300
15/05/2020,12150,25600,21050,43500,27200,20700,19200,26100,22200,13300
18/05/2020,12150,25600,21050,43500,27200,20700,19200,26100,22200,13300
19/05/2020,12150,25950,20950,43550,26750,20800,19300,26250,22200,13300
20/05/2020,12150,27150,20800,45250,25150,20050,19500,25200,21400,13300
28/05/2020,12150,30000,21550,47600,24250,24050,23150,31250,24050,13250
29/05/2020,12150,30050,21500,48100,24100,24000,23150,31350,24050,13250
02/06/2020,12150,30000,21500,48100,24050,24000,23150,31300,24050,13250
03/06/2020,12150,30250,21500,48400,24000,24000,23100,31600,23700,13250
04/06/2020,12100,31250,21600,47950,22750,19350,19100,27100,21350,13250
05/06/2020,12100,31250,21600,47700,22550,19300,19000,26750,21350,13250
08/06/2020,12100,31250,21600,47700,22550,19300,19000,26750,21350,13250
09/06/2020,12100,31450,21650,47700,22500,19300,19000,27300,21350,13250
10/06/2020,12100,31500,21700,47750,22450,19200,19200,27400,21400,13250
11/06/2020,12150,31950,22100,45600,20600,19900,19700,28650,21150,13300
12/06/2020,12150,31950,22100,45700,20600,19950,19700,28650,21150,13300
15/06/2020,12150,31950,22100,45700,20600,19950,19700,28650,21150,13300
16/06/2020,12150,31750,22150,45200,20550,20100,19800,28250,21400,13300
17/06/2020,12150,31700,22200,45000,20400,20100,19700,28250,21400,13300
18/06/2020,12100,31200,22900,41000,19700,21100,20300,27300,21250,13250
19/06/2020,12100,31250,22900,40750,19700,21150,20300,27250,21250,13250
22/06/2020,12100,31250,22900,40750,19700,21150,20300,27250,21250,13250
23/06/2020,12100,31200,23000,40600,19650,21300,20450,27400,21300,13250
24/06/2020,12100,31150,23000,39950,19250,21300,20450,27600,21700,13250
25/06/2020,12100,30450,23500,38200,18650,21900,21700,28200,22700,13250
26/06/2020,12100,30500,23550,38050,18600,21900,21700,28300,22700,13250
29/06/2020,12100,30500,23550,38050,18600,21900,21700,28300,22700,13250
30/06/2020,12100,30550,23550,38150,18600,21900,21700,28200,22800,13250
01/07/2020,12100,30650,23550,38000,18550,22250,21700,28500,22850,13250
02/07/2020,12100,32000,23500,34750,17250,21850,21150,27900,23400,13200
03/07/2020,12100,32050,23500,34750,17200,21900,21100,27900,23400,13200
06/07/2020,12100,32050,23500,34750,17200,21900,21100,27900,23400,13200
07/07/2020,12100,32150,23500,34350,17150,22200,21000,27950,23600,13200
08/07/2020,12100,32100,23500,34000,17150,21900,21050,28000,23750,13200
09/07/2020,12000,31150,23550,32000,16900,22000,21400,27450,23700,13200
10/07/2020,12000,31100,23550,31950,16900,22000,21450,27450,23700,13200
13/07/2020,12000,31100,23550,31950,16900,22000,21450,27450,23700,13200
14/07/2020,12000,31100,23550,31850,16800,22050,21500,27500,23800,13200
15/07/2020,12000,31050,23600,31650,16800,22300,21600,27650,23700,13200
16/07/2020,12050,29050,23750,29250,16200,22800,22500,28550,24250,13200
17/07/2020,12050,28850,23750,29100,16200,22800,22550,28550,24250,13200
20/07/2020,12050,28850,23750,29100,16200,22800,22550,28550,24250,13200
21/07/2020,12050,28600,23750,28850,16300,22650,22550,28100,24150,13200
22/07/2020,12050,28450,23750,28600,16300,22650,22550,28050,24150,13200
23/07/2020,12050,26600,23950,26950,16150,23050,23800,27450,23900,13200
24/07/2020,12050,26450,23950,26950,16200,23100,23900,27400,23900,13200
27/07/2020,12050,26450,23950,26950,16200,23100,23900,27400,23900,13200
28/07/2020,12050,26500,23900,26850,16050,22950,23850,27550,23850,13200
29/07/2020,12050,26550,23900,26550,15750,23000,23950,27600,23900,13200
30/07/2020,12050,27700,23600,25750,15650,26900,27800,27800,24900,13250
03/08/2020,12050,27700,23600,25750,15650,26900,27800,27800,24900,13250
04/08/2020,12050,27750,23550,25650,15650,26950,27850,28150,25000,13250
05/08/2020,12050,27850,23550,25650,15650,26850,27750,28100,25050,13250
06/08/2020,12050,27100,23550,25050,15750,26150,26600,30900,26350,13300
07/08/2020,12050,27100,23550,24950,15850,25800,26350,30850,26200,13300
10/08/2020,12050,27100,23550,24950,15850,25800,26350,30850,26200,13300
11/08/2020,12050,27000,23550,24900,15900,25400,26100,30700,26200,13300
12/08/2020,12050,26650,23550,25050,15900,25750,26050,30650,26200,13300
13/08/2020,12050,25150,23700,25250,16400,23700,24500,27150,24650,13200
14/08/2020,12050,25150,23700,25250,16400,23700,24500,27150,24650,13200
18/08/2020,12050,25150,23700,25200,16350,23600,24400,26650,24500,13200
19/08/2020,12050,25100,23650,24750,17400,21500,23000,26100,24400,13250
24/08/2020,12050,25150,23650,24500,17850,21150,22600,25650,24650,13250
25/08/2020,12050,25100,23650,24400,17950,21050,22450,25700,24600,13250
26/08/2020,12050,25050,23650,24300,18150,20900,22450,25550,24400,13250
27/08/2020,12050,24400,23350,23100,19300,20000,20550,24750,22750,13250
28/08/2020,12050,24400,23350,23100,19300,20000,20550,24750,22750,13250
31/08/2020,12050,24400,23350,23100,19300,20000,20550,24750,22750,13250
01/09/2020,12050,24400,23350,23200,19550,19950,20500,24900,22700,13250
02/09/2020,12050,24250,23250,23000,19550,20000,20500,25150,23000,13250
03/09/2020,12050,24200,22700,23150,19800,20650,20750,26300,23250,13300
04/09/2020,12050,24200,22700,23150,19800,20650,20750,26300,23250,13300
07/09/2020,12050,24200,22700,23150,19800,20650,20750,26300,23250,13300
08/09/2020,12050,24050,22750,23300,19900,21000,21050,26500,23250,13300
09/09/2020,12050,24100,22700,23400,19950,21200,21200,26450,23200,13300
10/09/2020,12000,25050,22200,24100,20250,23950,22250,26800,23250,13250
11/09/2020,12000,25050,22200,24100,20250,23950,22250,26800,23250,13250
14/09/2020,12000,25050,22200,24100,20250,23950,22250,26800,23250,13250
15/09/2020,12000,25050,22200,24150,20250,24150,22350,26450,23250,13250
16/09/2020,12000,25150,22200,24100,20200,24250,22650,26600,23300,13300
17/09/2020,12000,25200,21950,24050,20300,25650,23250,26100,23250,13300
18/09/2020,12000,25200,21950,24050,20300,25650,23250,26100,23250,13300
21/09/2020,12000,25200,21950,24050,20300,25650,23250,26100,23250,13300
22/09/2020,12000,25200,21900,23800,20300,25750,23350,26050,23300,13300
23/09/2020,12000,25200,21850,23800,20300,25750,23450,26050,23300,13300
24/09/2020,12050,25750,21650,23400,20100,26000,24250,25950,23500,13300
25/09/2020,12050,25750,21650,23400,20100,26000,24250,25950,23500,13300
28/09/2020,12050,25750,21650,23400,20100,26000,24250,25950,23500,13300
29/09/2020,12050,25700,21700,23400,20050,26100,24500,25800,23450,13300
30/09/2020,12050,25700,21700,23400,20050,26150,24700,25850,23500,13300
01/10/2020,12000,25450,21250,23500,20250,30500,28400,27150,23100,13350
02/10/2020,12000,25450,21250,23500,20250,30500,28400,27150,23100,13350
05/10/2020,12000,25450,21250,23500,20250,30500,28400,27150,23100,13350
06/10/2020,12000,25550,21200,23650,20250,30950,28650,27400,23100,13350
07/10/2020,12000,25500,21150,23800,20200,31600,28950,27500,23000,13350
08/10/2020,12050,25400,20900,24900,20000,35300,31500,27150,23750,13400
09/10/2020,12050,25400,20900,24900,20000,35300,31800,27150,23750,13400
12/10/2020,12050,25400,20900,24900,20000,35300,31800,27150,23750,13400
13/10/2020,12050,25400,20900,24950,20000,35450,32100,27150,23850,13400
14/10/2020,12050,25400,21000,24950,20050,35400,32050,27150,23900,13400
15/10/2020,12000,26000,21550,26700,20250,34450,31900,25750,21750,13450
16/10/2020,12000,26000,21550,26700,20250,34450,31900,25750,21750,13450
19/10/2020,12000,26000,21550,26700,20250,34450,31900,25750,21750,13450
20/10/2020,12000,26050,21600,26800,20200,34350,31700,25750,21750,13450
21/10/2020,12000,26100,21600,26900,20250,34200,31650,25800,21750,13450
22/10/2020,12000,26400,22100,28000,20800,32950,32550,28150,23550,13500
23/10/2020,12000,26400,22100,28000,20800,32950,32550,28150,23550,13500
26/10/2020,12000,26400,22100,28000,20800,32950,32550,28150,23550,13500
27/10/2020,12000,26650,22050,28000,20850,32850,32700,28600,23850,13450
02/11/2020,12000,26900,22300,28350,21200,33750,33750,29200,24100,13450
03/11/2020,12000,26950,22300,28400,21250,33600,33600,29400,24100,13450
04/11/2020,12000,27000,22300,28500,21300,33950,33650,31400,26300,13450
05/11/2020,12000,28000,22300,29000,21350,34350,32750,31350,25250,13500
06/11/2020,12000,28000,22300,29000,21350,34350,32900,31350,25250,13500
09/11/2020,12000,28000,22300,29000,21350,34350,32900,31350,25250,13500
10/11/2020,12000,28100,22350,29000,21350,34550,33000,31500,25300,13500
11/11/2020,12000,28100,22350,29050,21350,34150,32900,31950,25300,13500
12/11/2020,12000,28150,22600,30300,21650,33950,32800,34300,26350,13500
13/11/2020,12000,28150,22600,30300,21650,33950,32800,34300,26350,13500
16/11/2020,12000,28150,22600,30300,21650,33950,32800,34300,26350,13500
17/11/2020,12000,28250,22650,30250,21700,33850,32850,34350,26250,13500
18/11/2020,12000,28250,22750,30300,21700,34050,33000,34300,26350,13500
19/11/2020,12000,28650,23300,30800,21900,33400,31700,32900,26900,13550
20/11/2020,12000,28650,23300,30800,21900,33400,31700,32900,26900,13550
23/11/2020,12000,28650,23300,30800,21900,33400,31700,32900,26900,13550
24/11/2020,12000,28600,23300,30800,21950,33500,31650,33100,26950,13550
25/11/2020,12000,28600,23300,30700,21950,33450,31700,33350,26950,13550
26/11/2020,11950,28750,23500,30100,22000,34050,32200,36250,27650,13550
27/11/2020,11950,28750,23500,30100,22000,34050,32200,36250,27650,13550
30/11/2020,11950,28750,23500,30100,22000,34050,32200,36250,27650,13550
01/12/2020,11950,28700,23600,30200,22050,34300,32450,36400,27850,13550
02/12/2020,11950,28700,23600,30200,22000,34400,32500,36500,28000,13550
03/12/2020,11950,28200,23950,29550,22100,38700,35600,41400,29700,13600
04/12/2020,11950,28200,23950,29550,22100,38700,35600,41400,29700,13600
07/12/2020,11950,28200,23950,29550,22100,38700,35600,41400,29700,13600
08/12/2020,11950,28200,23900,29550,22100,39000,35900,41750,29900,13600
10/12/2020,11950,28300,24650,29400,21900,41700,39150,44800,34050,13600
11/12/2020,11950,28300,24650,29400,21900,41700,39150,44800,34050,13600
14/12/2020,11950,28300,24650,29400,21900,41700,39150,44800,34050,13600
15/12/2020,11950,28350,24800,29350,21900,41850,39150,44900,34200,13600
16/12/2020,11950,28450,24800,29450,21900,42050,39200,45150,34550,13600
17/12/2020,11950,29150,25700,28350,21950,43850,40800,44450,36050,13650
18/12/2020,11950,29150,25700,28350,21950,43850,40800,44450,36050,13650
21/12/2020,11950,29150,25700,28350,21950,43850,40800,44450,36050,13650
22/12/2020,11950,29150,25750,28350,21900,44150,41250,44600,36250,13650
23/12/2020,11950,29100,26050,27800,22050,46600,43750,47350,38500,13650
28/12/2020,11950,29100,26350,27600,23600,48150,45750,49300,40350,13650
29/12/2020,11950,29050,26250,27600,23600,48350,45700,49800,40400,13650
30/12/2020,12000,29050,25900,27050,23700,46150,45850,53050,43500,13650
04/01/2021,12050,28900,25350,26600,22050,44900,46650,54950,44100,13700
05/01/2021,12050,28900,25300,26650,22150,44800,46700,55350,44350,13700
06/01/2021,12050,28950,25300,26550,22100,44400,46900,56500,45050,13650
07/01/2021,12000,28800,24550,25700,21900,42250,45600,65400,50450,13750
08/01/2021,12000,28800,24550,25700,21900,42250,45600,65400,50450,13750
11/01/2021,12000,28800,24550,25700,21900,42250,45600,65400,50450,13750
12/01/2021,12000,28850,24550,25650,21850,42200,45500,65400,50500,13750
13/01/2021,12000,28750,24300,25600,21800,41800,45400,65850,50150,13850
14/01/2021,12050,28850,24200,25000,21550,37800,43400,65800,48050,13850
15/01/2021,12050,28850,24200,25000,21550,37800,43400,65800,48050,13850
18/01/2021,12050,28850,24200,25000,21550,37800,43400,65800,48050,13850
19/01/2021,12050,28850,24150,24900,21500,37650,43150,65900,48200,13850
20/01/2021,12050,28750,24150,24900,21550,37850,43200,65600,48950,13850
21/01/2021,12050,28500,23550,24700,21500,38250,41900,62600,49750,14100
22/01/2021,12050,28500,23550,24700,21500,37900,41600,62600,49750,14100
25/01/2021,12050,28500,23550,24700,21500,37900,41600,62600,49750,14100
26/01/2021,12050,28400,23550,24650,21500,37600,41300,62750,50150,14100
27/01/2021,12050,28400,23450,24550,21450,37350,41250,63250,50350,14100
28/01/2021,12050,27750,22600,23950,21500,35600,37850,62850,53100,14050
29/01/2021,12050,27750,22600,23950,21500,35600,37850,62850,53100,14050
01/02/2021,12050,27750,22600,23950,21500,35600,37850,62850,53100,14050
02/02/2021,12050,27650,22600,23950,21450,35800,38150,62850,53200,14050
03/02/2021,12050,27650,22650,23900,21450,36050,38300,62600,53550,14050
04/02/2021,12050,26850,22400,23200,21600,40500,41400,63150,52200,14050
05/02/2021,12050,26850,22400,23200,21600,39700,41400,63150,52200,14050
08/02/2021,12050,26850,22400,23200,21600,39700,41400,63150,52200,14050
09/02/2021,12050,26900,22450,23250,21700,39750,41550,63250,52650,14050
10/02/2021,12050,26900,22550,23200,21750,40400,41450,63350,52650,14050
11/02/2021,12000,27750,22900,24450,22050,40700,40300,63800,53350,14050
15/02/2021,12000,27750,22900,24450,22050,40700,40300,63800,53350,14050
16/02/2021,12000,27800,22900,24550,22150,40500,40150,64000,53150,14000
17/02/2021,12000,27800,22950,24800,22350,39900,39900,65150,53150,14000
18/02/2021,12000,27950,23250,25650,23050,37100,37150,69350,53700,13950
19/02/2021,12000,27950,23250,25650,23050,37100,37150,69350,53700,13950
22/02/2021,12000,27950,23250,25650,23050,37100,37150,69350,53700,13950
23/02/2021,12000,27900,23250,25700,23000,37050,37000,69450,53500,13950
24/02/2021,12000,27800,23150,25750,22950,36750,37050,69750,53200,13950
25/02/2021,12000,27700,23100,26300,23200,34650,37100,80000,52100,13950
26/02/2021,12000,27700,23100,26300,23200,34650,37100,80000,52100,13950
01/03/2021,12000,27700,23100,26300,23200,34650,37100,80000,52100,13950
02/03/2021,12000,27700,23100,26400,23150,34500,36950,80050,51950,13950
03/03/2021,12000,27850,23050,26500,23150,34600,37400,80850,51950,14000
04/03/2021,11950,27700,23100,27350,23150,36100,39600,82950,50200,14000
05/03/2021,11950,27700,23100,27350,23150,36100,39600,82950,50200,14000
08/03/2021,11950,27700,23100,27350,23150,36100,39600,82950,50200,14000
09/03/2021,11950,27700,23100,27400,23150,36150,39550,83100,50100,14000
10/03/2021,11950,27600,23000,27400,22900,36700,39800,83500,49150,14000
12/03/2021,11950,27800,22950,27500,22800,35350,39150,83850,47900,14000
15/03/2021,11950,27800,22950,27500,22800,35350,39150,83850,47900,14000
16/03/2021,11950,27800,22900,27500,22800,35350,39150,83900,47700,14000
17/03/2021,11950,27900,22850,27550,22800,35150,39700,85500,47000,14000
18/03/2021,11950,28000,22500,27200,22800,35200,40400,91600,44300,14100
19/03/2021,11950,28000,22500,27200,22800,35200,40400,91600,44100,14100
22/03/2021,11950,28000,22500,27200,22800,35200,40400,91600,44100,14100
23/03/2021,11950,28000,22450,27150,22800,35200,40300,91250,43750,14150
24/03/2021,11950,27950,22450,27000,22850,35150,40050,90300,43950,14150
25/03/2021,11950,27650,21950,26500,23350,36150,41150,87550,44350,14100
26/03/2021,11950,27650,21950,26500,23350,36150,41150,87550,44350,14100
29/03/2021,11950,27650,21950,26500,23350,36150,41150,87550,44350,14100
30/03/2021,11950,27600,21950,26500,23350,36250,41350,87100,44350,14150
31/03/2021,11950,27700,21950,26550,23350,36750,40950,83600,44350,14150
01/04/2021,11950,27950,21800,25950,23300,38350,40300,77200,43400,14150
05/04/2021,11950,27950,21800,25950,23300,38350,40300,77200,43400,14150
06/04/2021,11950,28100,21850,25900,23300,38400,40300,77100,43350,14200
07/04/2021,11950,28200,21750,26000,23300,38300,40450,77250,43350,14200
08/04/2021,11900,29250,22250,25600,23400,40050,40500,73800,43300,14200
09/04/2021,11900,29250,22250,25600,23400,40050,40500,73800,43300,14200
12/04/2021,11900,29250,22250,25600,23400,40050,40500,73800,43300,14200
13/04/2021,11900,29500,22300,25600,23400,39950,40350,73700,43350,14200
14/04/2021,11950,29650,22350,25800,23650,39700,40950,73200,43050,14200
15/04/2021,11950,30650,23350,25800,23750,40350,42400,70650,42000,14300
16/04/2021,11950,30650,23350,25800,23750,40350,42400,70650,42000,14300
19/04/2021,11950,30650,23350,25800,23750,40350,42400,70650,42000,14300
20/04/2021,11950,30600,23350,25700,23800,40250,42250,70100,41900,14300
21/04/2021,11950,30600,23300,25750,23800,39900,41950,69100,42000,14300
22/04/2021,11950,29950,23600,25250,23400,37100,37350,57400,38300,14350
23/04/2021,11950,29950,23600,25250,23400,37100,37350,57400,38300,14350
26/04/2021,11950,29950,23600,25250,23400,37100,37350,57400,38300,14350
27/04/2021,11950,29750,23600,25250,23450,36700,37000,57200,37950,14350
28/04/2021,11950,29650,23500,25050,23400,36350,36400,57200,36900,14350
29/04/2021,11950,29100,23350,24250,23400,31100,30350,54950,34200,14350
30/04/2021,11950,29100,23350,24250,23400,31100,30350,54950,34200,14350
03/05/2021,11950,29100,23350,24250,23400,31100,30350,54950,34200,14350
04/05/2021,11950,29150,23350,24250,23400,31000,30350,54900,34000,14350
05/05/2021,12000,29150,23400,24250,23350,30900,29550,55200,33750,14400
06/05/2021,12000,29900,23400,24600,23500,31050,29750,56100,32950,14500
07/05/2021,12000,29900,23400,24600,23500,31050,29750,56100,32950,14500
10/05/2021,12000,29900,23400,24600,23500,31050,29750,56100,32950,14500
11/05/2021,12000,31800,23400,25250,23800,37050,35700,62100,36100,14550
17/05/2021,12000,31850,23400,25200,23800,37450,35350,62050,36300,14550
18/05/2021,12000,31850,23400,25250,23800,37200,35000,61800,36250,14550
19/05/2021,12000,31950,23450,25000,23750,36800,34650,60650,36350,14550
20/05/2021,11950,32000,23400,25050,23800,30850,28650,53050,34150,14600
21/05/2021,11950,32000,23400,25050,23800,30850,28650,53050,34150,14600
24/05/2021,11950,32000,23400,25050,23800,30850,28650,53050,34150,14600
25/05/2021,12000,31900,23400,25000,23750,30500,28250,52450,33600,14600
27/05/2021,12000,31050,23450,24550,23550,25900,24500,46300,29100,14650
28/05/2021,12000,30950,23450,24550,23550,25900,24500,46300,29100,14650
31/05/2021,12000,30950,23450,24550,23550,25900,24500,46300,29100,14650
02/06/2021,12000,30700,23500,24500,23500,26250,24250,45750,29050,14700
03/06/2021,12000,30400,24000,23950,23300,24450,23350,40950,28800,14850
04/06/2021,12000,30400,24000,23950,23300,24450,23350,40950,28800,14850
07/06/2021,12000,30400,24000,23950,23300,24450,23350,40950,28800,14850
08/06/2021,12000,30350,23950,23950,23350,24450,23350,40900,28850,14850
09/06/2021,12000,30350,23950,23900,23250,24300,23300,40850,29100,14850
10/06/2021,12000,30700,24150,23450,23150,23950,23250,40900,29350,14850
11/06/2021,12000,30700,24150,23450,23150,23950,23250,40900,29350,14850
14/06/2021,12000,30700,24150,23450,23150,23950,23250,40900,29350,14850
15/06/2021,12000,30750,24150,23500,23150,23900,23200,40850,29400,14850
16/06/2021,12000,30800,24100,23500,23200,23950,23300,41000,29500,14850
17/06/2021,12000,30950,23750,23700,23350,23350,23200,43900,32150,14900
18/06/2021,12000,30950,23750,23700,23350,23350,23200,44550,32150,14900
21/06/2021,12000,30950,23750,23700,23350,23350,23200,44550,32150,14900
22/06/2021,12000,30950,23750,23700,23350,23400,23250,44700,32250,14900
23/06/2021,12000,30900,23650,23700,23250,23150,23350,45700,32500,14900
24/06/2021,12000,30700,23100,24000,23100,25050,23350,50500,34600,14850
25/06/2021,12000,30700,23100,24000,23100,25050,23350,50500,34600,14850
28/06/2021,12000,30700,23100,24000,23100,25050,23350,50500,34600,14850
29/06/2021,12000,30500,23100,24050,23100,25100,23450,50700,34850,14850
30/06/2021,12000,30550,23100,24050,23100,25050,23500,50900,35050,14850
01/07/2021,11950,29550,22800,24250,23050,24950,25500,56850,36050,14850
02/07/2021,11950,29550,22800,24250,23050,24950,25500,56850,36050,14850
05/07/2021,11950,29550,22800,24250,23050,24950,25500,56850,36050,14850
06/07/2021,11950,29500,22800,24300,23050,25000,25600,57050,36050,14850
07/07/2021,11950,29400,22800,24300,23050,24850,25600,57350,36450,14850
08/07/2021,11950,28050,22450,24400,23200,25850,27950,58550,37700,14850
09/07/2021,11950,28050,22450,24400,23200,25850,27950,58550,37700,14850
12/07/2021,11950,28050,22450,24400,23200,25850,27950,58550,37700,14850
13/07/2021,11950,27850,22450,24400,23200,25750,27850,58650,37650,14850
14/07/2021,11950,27800,22450,24500,23200,25800,27850,59400,37750,14850
15/07/2021,11950,27050,22600,25650,23200,26100,27800,59800,38350,14850
16/07/2021,11950,27050,22600,25650,23200,26100,27800,59800,38350,14850
19/07/2021,11950,27050,22600,25650,23200,26100,27800,59800,38350,14850
21/07/2021,11950,27000,22650,25800,23250,26250,27950,59450,38350,14850
22/07/2021,11950,27050,23250,26850,23800,29700,30950,58950,38800,14900
23/07/2021,11950,27050,23250,26850,23800,29700,30950,59550,38800,14900
26/07/2021,11950,27050,23250,26850,23800,29700,30950,59550,38800,14900
27/07/2021,11950,27200,23300,26900,23800,29600,30800,59500,38850,14900
28/07/2021,11950,27050,23250,27200,24000,29500,30250,58600,38600,14900
29/07/2021,11950,25700,23500,28200,24200,25950,26150,49050,33750,14950
30/07/2021,11950,25700,23500,28200,24200,25950,26150,49050,33750,14950